{
    "user_details": {
        "user1": "David",
        "user2": "Ken",
        "user3": "Zheng Yuan",
        "user4": "Jun Jie"
    },
    "user_history": {
        "user1": [
            {
                "date": "01/06/2022",
                "location": "SIT",
                "checkin_time": "10:00AM",
                "checkout_time": "12:00PM"
            },
            {
                "date": "20/06/2022",
                "location": "SIT",
                "checkin_time": "10:30AM",
                "checkout_time": "12:00PM"
            },
            {
                "date": "21/06/2022",
                "location": "Yishun",
                "checkin_time": "04:30PM",
                "checkout_time": "06:30PM",
                "group": true,
                "grouping": [
                    "user1",
                    "user2"
                ]
            },
            {
                "date": "21/06/2022",
                "location": "Yishun",
                "checkin_time": "07:00PM",
                "checkout_time": "09:30PM"
            }
        ],
        "user2": [
            {
                "date": "20/06/2022",
                "location": "SIT",
                "checkin_time": "10:30AM",
                "checkout_time": "12:00PM"
            },
            {
                "date": "21/06/2022",
                "location": "Yishun",
                "checkin_time": "04:30PM",
                "checkout_time": "06:30PM",
                "group": true,
                "grouping": [
                    "user1",
                    "user2"
                ]
            }
        ],
        "user3": [
            {
                "date": "01/06/2022",
                "location": "SIT",
                "checkin_time": "10:00AM",
                "checkout_time": "12:00PM"
            },
            {
                "date": "21/06/2022",
                "location": "AMK",
                "checkin_time": "10:30AM",
                "checkout_time": "12:00PM"
            },
            {
                "date": "24/06/2022",
                "location": "AMK",
                "checkin_time": "11:00AM",
                "checkout_time": "12:00PM"
            }
        ]
    },
    "covid_history": [
    ]
}