{
    "user_details": {
        "user1": "David",
        "user2": "Ken",
        "user3": "Zheng Yuan",
        "user4": "Jun Jie"
    },
    "user_history": {
        "user1": [
            {
                "date": "20/06/2022",
                "location": "SIT",
                "checkin_time": "01:29AM",
                "checkout_time": "01:40AM"
            },
            {
                "date": "21/06/2022",
                "location": "AMK",
                "checkin_time": "03:17AM",
                "checkout_time": "03:17AM",
                "group": true,
                "grouping": [
                    "user1",
                    "user2"
                ]
            },
            {
                "date": "22/06/2022",
                "location": "NYP",
                "checkin_time": "03:17AM",
                "checkout_time": "03:18AM",
                "group": true,
                "grouping": [
                    "user1",
                    "user3"
                ]
            }
        ],
        "user2": [
            {
                "date": "21/06/2022",
                "location": "AMK",
                "checkin_time": "03:17AM",
                "checkout_time": "03:17AM",
                "group": true,
                "grouping": [
                    "user1",
                    "user2"
                ]
            }
        ],
        "user3": [
            {
                "date": "22/06/2022",
                "location": "NYP",
                "checkin_time": "03:17AM",
                "checkout_time": "03:18AM",
                "group": true,
                "grouping": [
                    "user1",
                    "user3"
                ]
            }
        ]
    },
    "covid_history": []
}