{
    "user_details": {
        "user1": "David",
        "user2": "Ken",
        "user3": "Zheng Yuan",
        "user4": "Jun Jie"
    },
    "user_history": {
        "user1": [
            {
                "date": "26/06/2022",
                "location": "SIT",
                "checkin_time": "02:19AM",
                "checkout_time": "",
                "group": true,
                "grouping": [
                    "user1",
                    "user2"
                ]
            }
        ],
        "user2": [
            {
                "date": "26/06/2022",
                "location": "SIT",
                "checkin_time": "02:19AM",
                "checkout_time": "",
                "group": true,
                "grouping": [
                    "user1",
                    "user2"
                ]
            }
        ]
    },
    "covid_history": []
}